<?xml version="1.0" encoding="UTF-8" ?>
<module>
	<name>expedipro</name>
	<displayName><![CDATA[ Expedipro.com : simplifiez-vous l&#039;exp&eacute;dition]]></displayName>
	<version><![CDATA[3.3]]></version>
	<description><![CDATA[L&#039;exp&eacute;dition de vos colis aux tarifs pro, en quelques clics, avec synchronisation automatique de l&#039;&eacute;tat de livraison.]]></description>
	<author><![CDATA[Expedipro (officiel)]]></author>
	<tab><![CDATA[shipping_logistics]]></tab>
	<confirmUninstall><![CDATA[Voulez-vous désinstaller le module Expedipro ?]]></confirmUninstall>
	<is_configurable>1</is_configurable>
	<need_instance>0</need_instance>
	<limited_countries></limited_countries>
</module>